<?xml version="1.0" encoding="utf-8"?>
<options>
  <option option_id="kl_amdp_merge_message" edit_format="onoff" data_type="boolean">
    <default_value>1</default_value>
    <relation group_id="kl_amdp" display_order="200"/>
  </option>
  <option option_id="kl_amdp_merge_notifications" edit_format="onoff" data_type="boolean">
    <default_value>0</default_value>
    <relation group_id="kl_amdp" display_order="400"/>
  </option>
  <option option_id="kl_amdp_minimal_time" edit_format="onoff" data_type="boolean">
    <default_value>0</default_value>
    <relation group_id="kl_amdp" display_order="100"/>
  </option>
  <option option_id="kl_amdp_send_merge_alert" edit_format="onoff" data_type="boolean">
    <default_value>1</default_value>
    <relation group_id="kl_amdp" display_order="300"/>
  </option>
</options>
