<?xml version="1.0" encoding="utf-8"?>
<phrases>
  <phrase title="custom_bb_code_desc.automerge" version_id="1000070" version_string="1.0.0"><![CDATA[]]></phrase>
  <phrase title="custom_bb_code_example.automerge" version_id="1000070" version_string="1.0.0"><![CDATA[]]></phrase>
  <phrase title="custom_bb_code_output.automerge" version_id="1000070" version_string="1.0.0"><![CDATA[]]></phrase>
  <phrase title="custom_bb_code_title.automerge" version_id="1000070" version_string="1.0.0"><![CDATA[Double Post Auto Merge Message]]></phrase>
  <phrase title="kl_amdp_merge_message" version_id="1000070" version_string="1.0.0"><![CDATA[Post automatically merged: {time}]]></phrase>
  <phrase title="kl_amdp_merged" version_id="1000031" version_string="1.0.0 Beta 1"><![CDATA[Automatically Merged Double Post]]></phrase>
  <phrase title="kl_amdp_post_has_been_merged" version_id="1010070" version_string="1.1.0"><![CDATA[Your post has been merged.]]></phrase>
  <phrase title="kl_amdp_user_post_merged" version_id="1000270" version_string="1.0.2"><![CDATA[Your <a href="{postLink}">post</a> in the thread {thread} has been merged into your last post.]]></phrase>
  <phrase title="kl_amdp_your_message_has_been_automatically_merged" version_id="1000031" version_string="1.0.0 Beta 1"><![CDATA[Your message has been automatically merged]]></phrase>
  <phrase title="option.kl_amdp_merge_message" version_id="1010070" version_string="1.1.0"><![CDATA[Include merge message]]></phrase>
  <phrase title="option.kl_amdp_merge_notifications" version_id="1010070" version_string="1.1.0"><![CDATA[Send notifications for merged posts]]></phrase>
  <phrase title="option.kl_amdp_minimal_time" version_id="1000070" version_string="1.0.0"><![CDATA[Minimum Merge Time]]></phrase>
  <phrase title="option.kl_amdp_send_merge_alert" version_id="1010070" version_string="1.1.0"><![CDATA[Send merge alert to author]]></phrase>
  <phrase title="option_explain.kl_amdp_merge_message" version_id="1010070" version_string="1.1.0"><![CDATA[If activated, a merge notification will be included into the posts that got merged to show all users, that a new post has been merged into the old one.]]></phrase>
  <phrase title="option_explain.kl_amdp_merge_notifications" version_id="1010070" version_string="1.1.0"><![CDATA[If enabled, merged posts will send notifications to users watching the forum/thread or being mentioned/quoted in the merged post.]]></phrase>
  <phrase title="option_explain.kl_amdp_minimal_time" version_id="1010070" version_string="1.1.0"><![CDATA[When this option is enabled, the minimum merge time from all permission sets that apply to the user will be chosen. If disabled, the maximum merge time will be in effect.]]></phrase>
  <phrase title="option_explain.kl_amdp_send_merge_alert" version_id="1010070" version_string="1.1.0"><![CDATA[If enabled, a notification will be sent to the user that his post was merged into his previous one.]]></phrase>
  <phrase title="option_group.kl_amdp" version_id="1010151" version_string="1.1.1 Release Candidate 1"><![CDATA[[TH] Auto Merge Double Post]]></phrase>
  <phrase title="option_group_description.kl_amdp" version_id="1000070" version_string="1.0.0"><![CDATA[Options related to the double post merger.]]></phrase>
  <phrase title="permission.forum_klAMDPBypassMerge" version_id="1000270" version_string="1.0.2"><![CDATA[Never auto merge double posts]]></phrase>
  <phrase title="permission.forum_klAMDPMergeTime" version_id="1010072" version_string="1.1.0"><![CDATA[Merge double posts within X minutes]]></phrase>
  <phrase title="permission_interface.klAMDP" version_id="1000031" version_string="1.0.0 Beta 1"><![CDATA[Auto Double Post Merger permissions]]></phrase>
  <phrase title="style_prop.kl_amdp_block" version_id="1000070" version_string="1.0.0"><![CDATA[BB Code Merge Block]]></phrase>
  <phrase title="style_prop_desc.kl_amdp_block" version_id="1000070" version_string="1.0.0"><![CDATA[]]></phrase>
  <phrase title="style_prop_group.kl_amdp" version_id="1000070" version_string="1.0.0"><![CDATA[[KL] Auto Merge Double Post]]></phrase>
  <phrase title="style_prop_group_desc.kl_amdp" version_id="1000070" version_string="1.0.0"><![CDATA[Style properties for the double post merger.]]></phrase>
</phrases>
