{
    "src/addons/KL/AutoMergeDoublePost/addon.json": "36b7a4184ad446c46f6045b713e79314dfc8b804171d2573b19d6864d3972b8f",
    "src/addons/KL/AutoMergeDoublePost/BbCode/Tag/AutoMerge.php": "6876b3dc9b1fb759f6a85bf97d0eb9e04ec1b07d4cda0d99bc3804828db999fb",
    "src/addons/KL/AutoMergeDoublePost/icon.png": "6c7902fd17a8aea37e5abb7446e65d4681cdcf83982dad44f1c3ebca1bd2f210",
    "src/addons/KL/AutoMergeDoublePost/Pub/Controller/Thread.php": "c758c1d8bd6227ad878d9011867c5046c152750da4a7da6a4f300ba715c0cd4e",
    "src/addons/KL/AutoMergeDoublePost/Repository/MergeTime.php": "8b29def757952adcc0aeef24f857c4f0f919892937aaf7e323d9d430b8531568",
    "src/addons/KL/AutoMergeDoublePost/Setup.php": "6d1cc4fda5e3401bcf8e5af79ad1fc0a9c5ed453239f7e942f26918214a1b75a",
    "src/addons/KL/AutoMergeDoublePost/_data/admin_navigation.xml": "064ec797484ac00d5ee37367b50b06846d11f480d00550997712707f8fdac8c0",
    "src/addons/KL/AutoMergeDoublePost/_data/admin_permission.xml": "ec6fb97cebf0bceb24f1ed1d5778c1db54eeb7535fbb3e31d824840e7aa9ff87",
    "src/addons/KL/AutoMergeDoublePost/_data/advertising_positions.xml": "d2f7cbe844bb1df3cf878d22ff6306249245c8ff6b0b87b9b729744bec538261",
    "src/addons/KL/AutoMergeDoublePost/_data/api_scopes.xml": "6793eaf758f140e8137187ba20e65f4faccf53410433ae3ad7a8b3b38cb6b3b7",
    "src/addons/KL/AutoMergeDoublePost/_data/bb_codes.xml": "8d9a08e362cface8abd0839be58ba8b90112e36245aa5d98721d15bc1f621763",
    "src/addons/KL/AutoMergeDoublePost/_data/bb_code_media_sites.xml": "29762987990187b33e43cfb68c08dc917b2d3f0176613d78f8e6c453f82da3f3",
    "src/addons/KL/AutoMergeDoublePost/_data/class_extensions.xml": "c9c112ff9aea612fd7c2c42c8a5bf3fc4f99259b5135d353c8973a5707d79bb8",
    "src/addons/KL/AutoMergeDoublePost/_data/code_events.xml": "8370dec3df47f91df4cf79da253446ad11b29f4ea568fe76c774e97a0379f0eb",
    "src/addons/KL/AutoMergeDoublePost/_data/code_event_listeners.xml": "d6b5072f4909dee7a20ee9e44b163f95c8aa52e6ac7f573e292000cd9238c331",
    "src/addons/KL/AutoMergeDoublePost/_data/content_type_fields.xml": "c7ad5472b28f465b7ac7617627707eba1b7a39d28089460d52e1ed292fc0b06a",
    "src/addons/KL/AutoMergeDoublePost/_data/cron.xml": "323c4284742ef24329cd6db6f288eb9736d2353f36852e1db12591e1583aea26",
    "src/addons/KL/AutoMergeDoublePost/_data/help_pages.xml": "a8a0c0b06cdc550438bc8a8d385af3e1e5ab3459877dfb934c1c31be59c89163",
    "src/addons/KL/AutoMergeDoublePost/_data/member_stats.xml": "89fb2b93ff1eca7a1f6f752248edf6090dfd24037db1446fd18ff7143f08124d",
    "src/addons/KL/AutoMergeDoublePost/_data/navigation.xml": "f75e1c03a45a360bbdfcd0567121665082315068475d5b0feb8b1acbb1688651",
    "src/addons/KL/AutoMergeDoublePost/_data/options.xml": "ee17abc53e4272f2fcce2a34791e78d2abf6d51bc7f07c5fb7a0c988ab3c3876",
    "src/addons/KL/AutoMergeDoublePost/_data/option_groups.xml": "a92f021e09df9d4fbc98c87d49049dc757ae6dd1ebaf5e1d7186f20f6023b912",
    "src/addons/KL/AutoMergeDoublePost/_data/permissions.xml": "806882fe7fbe1e38250e364278af617175bd12f490a702605d1c64931f3d60ab",
    "src/addons/KL/AutoMergeDoublePost/_data/permission_interface_groups.xml": "9fa206de61381ad657936a0c3db5b2360140e16bc7efd95ccb5b7c07a0bf558f",
    "src/addons/KL/AutoMergeDoublePost/_data/phrases.xml": "c0c234efc1295b6c991c7bbd47e250d09cc254f297faf2d2b5e114006dabc658",
    "src/addons/KL/AutoMergeDoublePost/_data/routes.xml": "550fa64f9feedf137dd877b38c2684f94474619d2d83890dbb717a91b50da8f5",
    "src/addons/KL/AutoMergeDoublePost/_data/style_properties.xml": "4d6fc8144c85034b1eacd27d7e06dc8183c28bca9f7f49240dd69b95fa2ff6e4",
    "src/addons/KL/AutoMergeDoublePost/_data/style_property_groups.xml": "ebb378c94bf142994e24446a2865d15ecdd7dfef15bf0fc30dd27a1160a5dbc2",
    "src/addons/KL/AutoMergeDoublePost/_data/templates.xml": "59b657f529b8e378f2c4695eb4dfed85a43142f4ed4d8d762f949769749fb49b",
    "src/addons/KL/AutoMergeDoublePost/_data/template_modifications.xml": "3b54b7df00a6a4a18c5e012b6e2588e35c23aaa13a5fc227f08646a97590d778",
    "src/addons/KL/AutoMergeDoublePost/_data/widget_definitions.xml": "37e46965256430f24004c2e7f08ba08f9b0d1cbcc4d70e84b3f4e3ffb713e64b",
    "src/addons/KL/AutoMergeDoublePost/_data/widget_positions.xml": "a29cee66134f6bc5d75ed9df1eef21096c24401915c5b5c774389c3d7bb2d5b3"
}